counter,latency,delayTime,Device,Button
0,14,8542,Adafruit_Feather_32u4,11
1,140,5167,Adafruit_Feather_32u4,11
2,14,5986,Adafruit_Feather_32u4,11
3,12,5455,Adafruit_Feather_32u4,11
4,916,3313,Adafruit_Feather_32u4,11
5,14,8965,Adafruit_Feather_32u4,11
6,12,1864,Adafruit_Feather_32u4,11
7,13,2548,Adafruit_Feather_32u4,11
8,13,7768,Adafruit_Feather_32u4,11
9,120,2368,Adafruit_Feather_32u4,11
10,16,3457,Adafruit_Feather_32u4,11
11,7,397,Adafruit_Feather_32u4,11
12,11,5176,Adafruit_Feather_32u4,11
13,103,3817,Adafruit_Feather_32u4,11
14,27,6508,Adafruit_Feather_32u4,11
15,12,568,Adafruit_Feather_32u4,11
16,9,982,Adafruit_Feather_32u4,11
17,11,2017,Adafruit_Feather_32u4,11
18,15,6157,Adafruit_Feather_32u4,11
19,13,7192,Adafruit_Feather_32u4,11
20,17,2530,Adafruit_Feather_32u4,11
21,9,1378,Adafruit_Feather_32u4,11
22,7,4213,Adafruit_Feather_32u4,11
23,8,2818,Adafruit_Feather_32u4,11
24,7,1468,Adafruit_Feather_32u4,11
25,9,1720,Adafruit_Feather_32u4,11
26,9,3331,Adafruit_Feather_32u4,11
27,10,9001,Adafruit_Feather_32u4,11
28,10,2278,Adafruit_Feather_32u4,11
29,12,6985,Adafruit_Feather_32u4,11
30,9,1801,Adafruit_Feather_32u4,11
31,10,3619,Adafruit_Feather_32u4,11
32,10,3052,Adafruit_Feather_32u4,11
33,10,2116,Adafruit_Feather_32u4,11
34,13,5572,Adafruit_Feather_32u4,11
35,17,8119,Adafruit_Feather_32u4,11
36,12,3637,Adafruit_Feather_32u4,11
37,9,4429,Adafruit_Feather_32u4,11
38,9,2719,Adafruit_Feather_32u4,11
39,8,955,Adafruit_Feather_32u4,11
40,7,919,Adafruit_Feather_32u4,11
41,8,2512,Adafruit_Feather_32u4,11
42,10,2359,Adafruit_Feather_32u4,11
43,9,2485,Adafruit_Feather_32u4,11
44,8,793,Adafruit_Feather_32u4,11
45,10,6877,Adafruit_Feather_32u4,11
46,14,4564,Adafruit_Feather_32u4,11
47,10,5806,Adafruit_Feather_32u4,11
48,8,4861,Adafruit_Feather_32u4,11
49,11,6868,Adafruit_Feather_32u4,11
50,12,7057,Adafruit_Feather_32u4,11
51,12,4411,Adafruit_Feather_32u4,11
52,9,4132,Adafruit_Feather_32u4,11
53,9,7750,Adafruit_Feather_32u4,11
54,7,2080,Adafruit_Feather_32u4,11
55,12,4969,Adafruit_Feather_32u4,11
56,12,6112,Adafruit_Feather_32u4,11
57,13,3961,Adafruit_Feather_32u4,11
58,4,226,Adafruit_Feather_32u4,11
59,11,2458,Adafruit_Feather_32u4,11
60,8,3007,Adafruit_Feather_32u4,11
61,9,2746,Adafruit_Feather_32u4,11
62,9,1252,Adafruit_Feather_32u4,11
63,8,1648,Adafruit_Feather_32u4,11
64,7,1324,Adafruit_Feather_32u4,11
65,15,6346,Adafruit_Feather_32u4,11
66,13,964,Adafruit_Feather_32u4,11
67,12,8029,Adafruit_Feather_32u4,11
68,8,3727,Adafruit_Feather_32u4,11
69,11,5284,Adafruit_Feather_32u4,11
70,8,1756,Adafruit_Feather_32u4,11
71,8,6742,Adafruit_Feather_32u4,11
72,11,2998,Adafruit_Feather_32u4,11
73,4,334,Adafruit_Feather_32u4,11
74,10,1702,Adafruit_Feather_32u4,11
75,8,2242,Adafruit_Feather_32u4,11
76,4,190,Adafruit_Feather_32u4,11
77,14,6625,Adafruit_Feather_32u4,11
78,9,4024,Adafruit_Feather_32u4,11
79,10,5140,Adafruit_Feather_32u4,11
80,6,3133,Adafruit_Feather_32u4,11
81,15,5185,Adafruit_Feather_32u4,11
82,9,1054,Adafruit_Feather_32u4,11
83,12,5275,Adafruit_Feather_32u4,11
84,12,7084,Adafruit_Feather_32u4,11
85,8,4501,Adafruit_Feather_32u4,11
86,8,6661,Adafruit_Feather_32u4,11
87,7,1666,Adafruit_Feather_32u4,11
88,9,1000,Adafruit_Feather_32u4,11
89,10,496,Adafruit_Feather_32u4,11
90,9,847,Adafruit_Feather_32u4,11
91,13,6733,Adafruit_Feather_32u4,11
92,5,514,Adafruit_Feather_32u4,11
93,8,4528,Adafruit_Feather_32u4,11
94,10,5842,Adafruit_Feather_32u4,11
95,9,5797,Adafruit_Feather_32u4,11
96,12,4699,Adafruit_Feather_32u4,11
97,12,7696,Adafruit_Feather_32u4,11
98,9,6292,Adafruit_Feather_32u4,11
99,9,6715,Adafruit_Feather_32u4,11
100,7,3880,Adafruit_Feather_32u4,11
101,20,4042,Adafruit_Feather_32u4,11
102,5,298,Adafruit_Feather_32u4,11
103,8,2827,Adafruit_Feather_32u4,11
104,11,8173,Adafruit_Feather_32u4,11
105,11,5626,Adafruit_Feather_32u4,11
106,9,6958,Adafruit_Feather_32u4,11
107,26,5419,Adafruit_Feather_32u4,11
108,14,8983,Adafruit_Feather_32u4,11
109,10,1117,Adafruit_Feather_32u4,11
110,9,1585,Adafruit_Feather_32u4,11
111,9,3475,Adafruit_Feather_32u4,11
112,8,6832,Adafruit_Feather_32u4,11
113,11,8092,Adafruit_Feather_32u4,11
114,13,8749,Adafruit_Feather_32u4,11
115,10,4483,Adafruit_Feather_32u4,11
116,7,2134,Adafruit_Feather_32u4,11
117,7,5203,Adafruit_Feather_32u4,11
118,5,1999,Adafruit_Feather_32u4,11
119,6,1180,Adafruit_Feather_32u4,11
120,3,307,Adafruit_Feather_32u4,11
121,23,3547,Adafruit_Feather_32u4,11
122,7,3988,Adafruit_Feather_32u4,11
123,8,3286,Adafruit_Feather_32u4,11
124,10,820,Adafruit_Feather_32u4,11
125,9,1405,Adafruit_Feather_32u4,11
126,10,7075,Adafruit_Feather_32u4,11
127,4,451,Adafruit_Feather_32u4,11
128,6,5068,Adafruit_Feather_32u4,11
129,20,6940,Adafruit_Feather_32u4,11
130,12,7129,Adafruit_Feather_32u4,11
131,14,3025,Adafruit_Feather_32u4,11
132,1109,3610,Adafruit_Feather_32u4,11
133,8,6535,Adafruit_Feather_32u4,11
134,8,4492,Adafruit_Feather_32u4,11
135,21,3853,Adafruit_Feather_32u4,11
136,10,6031,Adafruit_Feather_32u4,11
137,12,4924,Adafruit_Feather_32u4,11
138,11,5149,Adafruit_Feather_32u4,11
139,7,2908,Adafruit_Feather_32u4,11
140,6,5779,Adafruit_Feather_32u4,11
141,10,1765,Adafruit_Feather_32u4,11
142,11,6949,Adafruit_Feather_32u4,11
143,13,2143,Adafruit_Feather_32u4,11
144,9,3259,Adafruit_Feather_32u4,11
145,14,6283,Adafruit_Feather_32u4,11
146,5,136,Adafruit_Feather_32u4,11
147,11,3421,Adafruit_Feather_32u4,11
148,7,5230,Adafruit_Feather_32u4,11
149,6,748,Adafruit_Feather_32u4,11
150,15,1531,Adafruit_Feather_32u4,11
151,14,3196,Adafruit_Feather_32u4,11
152,12,7534,Adafruit_Feather_32u4,11
153,12,5428,Adafruit_Feather_32u4,11
154,9,3979,Adafruit_Feather_32u4,11
155,9,4771,Adafruit_Feather_32u4,11
156,24,5644,Adafruit_Feather_32u4,11
157,8,4465,Adafruit_Feather_32u4,11
158,9,1639,Adafruit_Feather_32u4,11
159,8,244,Adafruit_Feather_32u4,11
160,8,2233,Adafruit_Feather_32u4,11
161,12,8677,Adafruit_Feather_32u4,11
162,5,532,Adafruit_Feather_32u4,11
163,8,4168,Adafruit_Feather_32u4,11
164,30,4960,Adafruit_Feather_32u4,11
165,12,667,Adafruit_Feather_32u4,11
166,8,1243,Adafruit_Feather_32u4,11
167,9,1837,Adafruit_Feather_32u4,11
168,13,6850,Adafruit_Feather_32u4,11
169,9,8956,Adafruit_Feather_32u4,11
170,4,181,Adafruit_Feather_32u4,11
171,7,4888,Adafruit_Feather_32u4,11
172,10,8821,Adafruit_Feather_32u4,11
173,13,7831,Adafruit_Feather_32u4,11
174,12,1738,Adafruit_Feather_32u4,11
175,9,8011,Adafruit_Feather_32u4,11
176,7,4519,Adafruit_Feather_32u4,11
177,3,208,Adafruit_Feather_32u4,11
178,7,892,Adafruit_Feather_32u4,11
179,19,802,Adafruit_Feather_32u4,11
180,9,2395,Adafruit_Feather_32u4,11
181,9,3088,Adafruit_Feather_32u4,11
182,11,7705,Adafruit_Feather_32u4,11
183,10,2539,Adafruit_Feather_32u4,11
184,10,3097,Adafruit_Feather_32u4,11
185,9,4294,Adafruit_Feather_32u4,11
186,18,5347,Adafruit_Feather_32u4,11
187,17,8362,Adafruit_Feather_32u4,11
188,10,1108,Adafruit_Feather_32u4,11
189,18,4735,Adafruit_Feather_32u4,11
190,16,4978,Adafruit_Feather_32u4,11
191,15,2323,Adafruit_Feather_32u4,11
192,11,694,Adafruit_Feather_32u4,11
193,12,2044,Adafruit_Feather_32u4,11
194,22,5959,Adafruit_Feather_32u4,11
195,17,1909,Adafruit_Feather_32u4,11
196,14,2863,Adafruit_Feather_32u4,11
197,16,3502,Adafruit_Feather_32u4,11
198,15,3385,Adafruit_Feather_32u4,11
199,11,1297,Adafruit_Feather_32u4,11
200,23,6769,Adafruit_Feather_32u4,11
201,20,7480,Adafruit_Feather_32u4,11
202,11,865,Adafruit_Feather_32u4,11
203,26,3790,Adafruit_Feather_32u4,11
204,16,3034,Adafruit_Feather_32u4,11
205,15,1513,Adafruit_Feather_32u4,11
206,15,4303,Adafruit_Feather_32u4,11
207,15,1810,Adafruit_Feather_32u4,11
208,16,5635,Adafruit_Feather_32u4,11
209,20,7165,Adafruit_Feather_32u4,11
210,18,3430,Adafruit_Feather_32u4,11
211,19,7183,Adafruit_Feather_32u4,11
212,9,2638,Adafruit_Feather_32u4,11
213,9,4780,Adafruit_Feather_32u4,11
214,14,7669,Adafruit_Feather_32u4,11
215,23,4987,Adafruit_Feather_32u4,11
216,9,1477,Adafruit_Feather_32u4,11
217,10,8506,Adafruit_Feather_32u4,11
218,8,3655,Adafruit_Feather_32u4,11
219,11,5041,Adafruit_Feather_32u4,11
220,13,5059,Adafruit_Feather_32u4,11
221,8,1009,Adafruit_Feather_32u4,11
222,7,505,Adafruit_Feather_32u4,11
223,10,7516,Adafruit_Feather_32u4,11
224,8,7741,Adafruit_Feather_32u4,11
225,10,3232,Adafruit_Feather_32u4,11
226,12,8533,Adafruit_Feather_32u4,11
227,12,7777,Adafruit_Feather_32u4,11
228,7,2881,Adafruit_Feather_32u4,11
229,7,5374,Adafruit_Feather_32u4,11
230,6,1747,Adafruit_Feather_32u4,11
231,7,1099,Adafruit_Feather_32u4,11
232,14,8839,Adafruit_Feather_32u4,11
233,3,316,Adafruit_Feather_32u4,11
234,14,3268,Adafruit_Feather_32u4,11
235,13,4375,Adafruit_Feather_32u4,11
236,1237,3871,Adafruit_Feather_32u4,11
237,10,3511,Adafruit_Feather_32u4,11
238,13,6913,Adafruit_Feather_32u4,11
239,76,1027,Adafruit_Feather_32u4,11
240,10,5752,Adafruit_Feather_32u4,11
241,285,460,Adafruit_Feather_32u4,11
242,136,703,Adafruit_Feather_32u4,11
243,14,7642,Adafruit_Feather_32u4,11
244,11,3835,Adafruit_Feather_32u4,11
245,700,289,Adafruit_Feather_32u4,11
246,487,406,Adafruit_Feather_32u4,11
247,9,3043,Adafruit_Feather_32u4,11
248,9,7417,Adafruit_Feather_32u4,11
249,24,2665,Adafruit_Feather_32u4,11
250,13,1729,Adafruit_Feather_32u4,11
251,16,4186,Adafruit_Feather_32u4,11
252,12,6103,Adafruit_Feather_32u4,11
253,10,811,Adafruit_Feather_32u4,11
254,9,4060,Adafruit_Feather_32u4,11
255,4,991,Adafruit_Feather_32u4,11
256,7,3115,Adafruit_Feather_32u4,11
257,9,3565,Adafruit_Feather_32u4,11
258,4,775,Adafruit_Feather_32u4,11
259,11,2980,Adafruit_Feather_32u4,11
260,8,3898,Adafruit_Feather_32u4,11
261,12,3772,Adafruit_Feather_32u4,11
262,13,8137,Adafruit_Feather_32u4,11
263,8,6139,Adafruit_Feather_32u4,11
264,11,5770,Adafruit_Feather_32u4,11
265,16,8317,Adafruit_Feather_32u4,11
266,13,7435,Adafruit_Feather_32u4,11
267,10,1945,Adafruit_Feather_32u4,11
268,11,5095,Adafruit_Feather_32u4,11
269,8,4438,Adafruit_Feather_32u4,11
270,7,8083,Adafruit_Feather_32u4,11
271,5,2701,Adafruit_Feather_32u4,11
272,8,1990,Adafruit_Feather_32u4,11
273,11,7840,Adafruit_Feather_32u4,11
274,10,3466,Adafruit_Feather_32u4,11
275,6,5869,Adafruit_Feather_32u4,11
276,5,6058,Adafruit_Feather_32u4,11
277,9,3691,Adafruit_Feather_32u4,11
278,13,7786,Adafruit_Feather_32u4,11
279,11,4915,Adafruit_Feather_32u4,11
280,6,1711,Adafruit_Feather_32u4,11
281,6,4933,Adafruit_Feather_32u4,11
282,11,8992,Adafruit_Feather_32u4,11
283,9,3646,Adafruit_Feather_32u4,11
284,10,2764,Adafruit_Feather_32u4,11
285,12,5932,Adafruit_Feather_32u4,11
286,4,235,Adafruit_Feather_32u4,11
287,6,4123,Adafruit_Feather_32u4,11
288,3,739,Adafruit_Feather_32u4,11
289,16,4744,Adafruit_Feather_32u4,11
290,7,5617,Adafruit_Feather_32u4,11
291,14,5995,Adafruit_Feather_32u4,11
292,11,1315,Adafruit_Feather_32u4,11
293,10,8101,Adafruit_Feather_32u4,11
294,6,2854,Adafruit_Feather_32u4,11
295,3,829,Adafruit_Feather_32u4,11
296,5,2791,Adafruit_Feather_32u4,11
297,5,5131,Adafruit_Feather_32u4,11
298,3,370,Adafruit_Feather_32u4,11
299,20,3304,Adafruit_Feather_32u4,11
300,10,649,Adafruit_Feather_32u4,11
301,13,7597,Adafruit_Feather_32u4,11
302,11,4582,Adafruit_Feather_32u4,11
303,7,3124,Adafruit_Feather_32u4,11
304,7,3205,Adafruit_Feather_32u4,11
305,7,6841,Adafruit_Feather_32u4,11
306,11,5014,Adafruit_Feather_32u4,11
307,12,3322,Adafruit_Feather_32u4,11
308,10,1630,Adafruit_Feather_32u4,11
309,9,8020,Adafruit_Feather_32u4,11
310,5,2566,Adafruit_Feather_32u4,11
311,7,7984,Adafruit_Feather_32u4,11
312,3,478,Adafruit_Feather_32u4,11
313,10,5383,Adafruit_Feather_32u4,11
314,6,937,Adafruit_Feather_32u4,11
315,10,3934,Adafruit_Feather_32u4,11
316,9,1288,Adafruit_Feather_32u4,11
317,11,4645,Adafruit_Feather_32u4,11
318,19,7903,Adafruit_Feather_32u4,11
319,5,3799,Adafruit_Feather_32u4,11
320,13,4069,Adafruit_Feather_32u4,11
321,11,8344,Adafruit_Feather_32u4,11
322,7,5032,Adafruit_Feather_32u4,11
323,5,1846,Adafruit_Feather_32u4,11
324,13,8227,Adafruit_Feather_32u4,11
325,12,7858,Adafruit_Feather_32u4,11
326,11,5554,Adafruit_Feather_32u4,11
327,8,6256,Adafruit_Feather_32u4,11
328,3,550,Adafruit_Feather_32u4,11
329,14,3241,Adafruit_Feather_32u4,11
330,5,1549,Adafruit_Feather_32u4,11
331,11,6211,Adafruit_Feather_32u4,11
332,5,559,Adafruit_Feather_32u4,11
333,10,3925,Adafruit_Feather_32u4,11
334,11,7849,Adafruit_Feather_32u4,11
335,7,757,Adafruit_Feather_32u4,11
336,6,3745,Adafruit_Feather_32u4,11
337,4,253,Adafruit_Feather_32u4,11
338,6,2125,Adafruit_Feather_32u4,11
339,8,5923,Adafruit_Feather_32u4,11
340,9,2314,Adafruit_Feather_32u4,11
341,14,7822,Adafruit_Feather_32u4,11
342,11,4510,Adafruit_Feather_32u4,11
343,7,4807,Adafruit_Feather_32u4,11
344,5,1450,Adafruit_Feather_32u4,11
345,17,4726,Adafruit_Feather_32u4,11
346,8,3601,Adafruit_Feather_32u4,11
347,13,7948,Adafruit_Feather_32u4,11
348,10,4474,Adafruit_Feather_32u4,11
349,5,973,Adafruit_Feather_32u4,11
350,7,6445,Adafruit_Feather_32u4,11
351,9,7210,Adafruit_Feather_32u4,11
352,4,5473,Adafruit_Feather_32u4,11
353,4,4033,Adafruit_Feather_32u4,11
354,4,8713,Adafruit_Feather_32u4,11
355,11,4663,Adafruit_Feather_32u4,11
356,12,7651,Adafruit_Feather_32u4,11
357,9,6418,Adafruit_Feather_32u4,11
358,8,4114,Adafruit_Feather_32u4,11
359,9,1873,Adafruit_Feather_32u4,11
360,10,7912,Adafruit_Feather_32u4,11
361,11,4636,Adafruit_Feather_32u4,11
362,10,6391,Adafruit_Feather_32u4,11
363,7,4321,Adafruit_Feather_32u4,11
364,9,2287,Adafruit_Feather_32u4,11
365,24,6319,Adafruit_Feather_32u4,11
366,1060,6166,Adafruit_Feather_32u4,11
367,643,361,Adafruit_Feather_32u4,11
368,15,7039,Adafruit_Feather_32u4,11
369,13,3664,Adafruit_Feather_32u4,11
370,10,1657,Adafruit_Feather_32u4,11
371,12,4717,Adafruit_Feather_32u4,11
372,12,3412,Adafruit_Feather_32u4,11
373,15,6409,Adafruit_Feather_32u4,11
374,21,2035,Adafruit_Feather_32u4,11
375,11,2224,Adafruit_Feather_32u4,11
376,14,7246,Adafruit_Feather_32u4,11
377,17,4843,Adafruit_Feather_32u4,11
378,15,8461,Adafruit_Feather_32u4,11
379,16,1594,Adafruit_Feather_32u4,11
380,28,7552,Adafruit_Feather_32u4,11
381,13,2584,Adafruit_Feather_32u4,11
382,10,1423,Adafruit_Feather_32u4,11
383,8,1225,Adafruit_Feather_32u4,11
384,13,3763,Adafruit_Feather_32u4,11
385,10,3970,Adafruit_Feather_32u4,11
386,11,2899,Adafruit_Feather_32u4,11
387,6,631,Adafruit_Feather_32u4,11
388,5,2440,Adafruit_Feather_32u4,11
389,7,1360,Adafruit_Feather_32u4,11
390,5,730,Adafruit_Feather_32u4,11
391,12,2575,Adafruit_Feather_32u4,11
392,7,1459,Adafruit_Feather_32u4,11
393,6,1234,Adafruit_Feather_32u4,11
394,10,6724,Adafruit_Feather_32u4,11
395,6,4105,Adafruit_Feather_32u4,11
396,4,640,Adafruit_Feather_32u4,11
397,12,7732,Adafruit_Feather_32u4,11
398,11,7255,Adafruit_Feather_32u4,11
399,7,6904,Adafruit_Feather_32u4,11
400,6,2674,Adafruit_Feather_32u4,11
401,11,8272,Adafruit_Feather_32u4,11
402,11,6895,Adafruit_Feather_32u4,11
403,16,3061,Adafruit_Feather_32u4,11
404,8,5824,Adafruit_Feather_32u4,11
405,11,8893,Adafruit_Feather_32u4,11
406,3,154,Adafruit_Feather_32u4,11
407,7,2710,Adafruit_Feather_32u4,11
408,9,4906,Adafruit_Feather_32u4,11
409,8,7894,Adafruit_Feather_32u4,11
410,5,2629,Adafruit_Feather_32u4,11
411,12,9073,Adafruit_Feather_32u4,11
412,9,7633,Adafruit_Feather_32u4,11
413,9,6373,Adafruit_Feather_32u4,11
414,17,8263,Adafruit_Feather_32u4,11
415,12,9064,Adafruit_Feather_32u4,11
416,6,5707,Adafruit_Feather_32u4,11
417,5,1576,Adafruit_Feather_32u4,11
418,4,3484,Adafruit_Feather_32u4,11
419,9,5716,Adafruit_Feather_32u4,11
420,11,6976,Adafruit_Feather_32u4,11
421,769,4015,Adafruit_Feather_32u4,11
422,7,6382,Adafruit_Feather_32u4,11
423,25,7282,Adafruit_Feather_32u4,11
424,7,4339,Adafruit_Feather_32u4,11
425,11,6004,Adafruit_Feather_32u4,11
426,5,1963,Adafruit_Feather_32u4,11
427,9,2593,Adafruit_Feather_32u4,11
428,6,2269,Adafruit_Feather_32u4,11
429,6,2179,Adafruit_Feather_32u4,11
430,5,5104,Adafruit_Feather_32u4,11
431,3,271,Adafruit_Feather_32u4,11
432,11,6076,Adafruit_Feather_32u4,11
433,14,6643,Adafruit_Feather_32u4,11
434,7,2197,Adafruit_Feather_32u4,11
435,7,5743,Adafruit_Feather_32u4,11
436,4,712,Adafruit_Feather_32u4,11
437,6,5113,Adafruit_Feather_32u4,11
438,4,595,Adafruit_Feather_32u4,11
439,6,1774,Adafruit_Feather_32u4,11
440,10,4456,Adafruit_Feather_32u4,11
441,11,6013,Adafruit_Feather_32u4,11
442,10,7147,Adafruit_Feather_32u4,11
443,3,874,Adafruit_Feather_32u4,11
444,6,3367,Adafruit_Feather_32u4,11
445,6,1558,Adafruit_Feather_32u4,11
446,5,4879,Adafruit_Feather_32u4,11
447,8,6994,Adafruit_Feather_32u4,11
448,18,5950,Adafruit_Feather_32u4,11
449,9,6490,Adafruit_Feather_32u4,11
450,6,8389,Adafruit_Feather_32u4,11
451,24,5653,Adafruit_Feather_32u4,11
452,13,6472,Adafruit_Feather_32u4,11
453,9,8488,Adafruit_Feather_32u4,11
454,4,1333,Adafruit_Feather_32u4,11
455,6,2449,Adafruit_Feather_32u4,11
456,6,7957,Adafruit_Feather_32u4,11
457,10,7327,Adafruit_Feather_32u4,11
458,8,4627,Adafruit_Feather_32u4,11
459,10,7381,Adafruit_Feather_32u4,11
460,6,7876,Adafruit_Feather_32u4,11
461,6,2737,Adafruit_Feather_32u4,11
462,943,7462,Adafruit_Feather_32u4,11
463,12,6544,Adafruit_Feather_32u4,11
464,10,6130,Adafruit_Feather_32u4,11
465,8,4330,Adafruit_Feather_32u4,11
466,5,3340,Adafruit_Feather_32u4,11
467,7,6481,Adafruit_Feather_32u4,11
468,14,5239,Adafruit_Feather_32u4,11
469,11,8650,Adafruit_Feather_32u4,11
470,6,3682,Adafruit_Feather_32u4,11
471,6,4240,Adafruit_Feather_32u4,11
472,11,8731,Adafruit_Feather_32u4,11
473,6,1441,Adafruit_Feather_32u4,11
474,8,3628,Adafruit_Feather_32u4,11
475,10,8929,Adafruit_Feather_32u4,11
476,6,1828,Adafruit_Feather_32u4,11
477,6,2503,Adafruit_Feather_32u4,11
478,8,8911,Adafruit_Feather_32u4,11
479,9,1522,Adafruit_Feather_32u4,11
480,11,5725,Adafruit_Feather_32u4,11
481,7,4195,Adafruit_Feather_32u4,11
482,8,4951,Adafruit_Feather_32u4,11
483,5,2467,Adafruit_Feather_32u4,11
484,6,4537,Adafruit_Feather_32u4,11
485,7,5689,Adafruit_Feather_32u4,11
486,13,5446,Adafruit_Feather_32u4,11
487,11,6517,Adafruit_Feather_32u4,11
488,6,4231,Adafruit_Feather_32u4,11
489,2,172,Adafruit_Feather_32u4,11
490,7,7111,Adafruit_Feather_32u4,11
491,8,4591,Adafruit_Feather_32u4,11
492,4,100,Adafruit_Feather_32u4,11
493,9,5482,Adafruit_Feather_32u4,11
494,11,6436,Adafruit_Feather_32u4,11
495,3,118,Adafruit_Feather_32u4,11
496,7,6697,Adafruit_Feather_32u4,11
497,6,6022,Adafruit_Feather_32u4,11
498,18,2431,Adafruit_Feather_32u4,11
499,12,8551,Adafruit_Feather_32u4,11
500,9,7354,Adafruit_Feather_32u4,11
501,7,5365,Adafruit_Feather_32u4,11
502,16,8776,Adafruit_Feather_32u4,11
503,11,7426,Adafruit_Feather_32u4,11
504,10,7723,Adafruit_Feather_32u4,11
505,6,2053,Adafruit_Feather_32u4,11
506,895,4276,Adafruit_Feather_32u4,11
507,12,6886,Adafruit_Feather_32u4,11
508,14,6814,Adafruit_Feather_32u4,11
509,8,3439,Adafruit_Feather_32u4,11
510,9,6931,Adafruit_Feather_32u4,11
511,8,8587,Adafruit_Feather_32u4,11
512,9,7021,Adafruit_Feather_32u4,11
513,13,7120,Adafruit_Feather_32u4,11
514,8,3907,Adafruit_Feather_32u4,11
515,6,6301,Adafruit_Feather_32u4,11
516,8,5914,Adafruit_Feather_32u4,11
517,8,3952,Adafruit_Feather_32u4,11
518,12,6265,Adafruit_Feather_32u4,11
519,7,5509,Adafruit_Feather_32u4,11
520,6,2836,Adafruit_Feather_32u4,11
521,7,2773,Adafruit_Feather_32u4,11
522,13,7102,Adafruit_Feather_32u4,11
523,18,7588,Adafruit_Feather_32u4,11
524,8,415,Adafruit_Feather_32u4,11
525,17,6121,Adafruit_Feather_32u4,11
526,14,2953,Adafruit_Feather_32u4,11
527,14,7687,Adafruit_Feather_32u4,11
528,19,6463,Adafruit_Feather_32u4,11
529,26,8209,Adafruit_Feather_32u4,11
530,9,388,Adafruit_Feather_32u4,11
531,13,6337,Adafruit_Feather_32u4,11
532,13,6670,Adafruit_Feather_32u4,11
533,16,5878,Adafruit_Feather_32u4,11
534,1251,4942,Adafruit_Feather_32u4,11
535,14,5401,Adafruit_Feather_32u4,11
536,10,1414,Adafruit_Feather_32u4,11
537,12,2413,Adafruit_Feather_32u4,11
538,15,8596,Adafruit_Feather_32u4,11
539,11,4825,Adafruit_Feather_32u4,11
540,16,6238,Adafruit_Feather_32u4,11
541,10,1603,Adafruit_Feather_32u4,11
542,10,766,Adafruit_Feather_32u4,11
543,10,4690,Adafruit_Feather_32u4,11
544,10,7615,Adafruit_Feather_32u4,11
545,11,6598,Adafruit_Feather_32u4,11
546,14,7399,Adafruit_Feather_32u4,11
547,11,784,Adafruit_Feather_32u4,11
548,12,8695,Adafruit_Feather_32u4,11
549,8,7471,Adafruit_Feather_32u4,11
550,14,6634,Adafruit_Feather_32u4,11
551,11,5860,Adafruit_Feather_32u4,11
552,4,442,Adafruit_Feather_32u4,11
553,13,5536,Adafruit_Feather_32u4,11
554,10,6805,Adafruit_Feather_32u4,11
555,8,4366,Adafruit_Feather_32u4,11
556,6,2692,Adafruit_Feather_32u4,11
557,8,1216,Adafruit_Feather_32u4,11
558,13,2989,Adafruit_Feather_32u4,11
559,13,1351,Adafruit_Feather_32u4,11
560,8,2098,Adafruit_Feather_32u4,11
561,14,2782,Adafruit_Feather_32u4,11
562,12,8578,Adafruit_Feather_32u4,11
563,9,6571,Adafruit_Feather_32u4,11
564,11,6247,Adafruit_Feather_32u4,11
565,14,7228,Adafruit_Feather_32u4,11
566,15,5599,Adafruit_Feather_32u4,11
567,10,8497,Adafruit_Feather_32u4,11
568,6,5833,Adafruit_Feather_32u4,11
569,15,9046,Adafruit_Feather_32u4,11
570,13,2557,Adafruit_Feather_32u4,11
571,8,1162,Adafruit_Feather_32u4,11
572,9,5392,Adafruit_Feather_32u4,11
573,9,7300,Adafruit_Feather_32u4,11
574,10,8767,Adafruit_Feather_32u4,11
575,13,5158,Adafruit_Feather_32u4,11
576,4,280,Adafruit_Feather_32u4,11
577,9,3448,Adafruit_Feather_32u4,11
578,10,5500,Adafruit_Feather_32u4,11
579,8,6193,Adafruit_Feather_32u4,11
580,6,1045,Adafruit_Feather_32u4,11
581,8,2926,Adafruit_Feather_32u4,11
582,11,5437,Adafruit_Feather_32u4,11
583,3,145,Adafruit_Feather_32u4,11
584,11,3997,Adafruit_Feather_32u4,11
585,12,5662,Adafruit_Feather_32u4,11
586,10,7219,Adafruit_Feather_32u4,11
587,8,4087,Adafruit_Feather_32u4,11
588,9,6580,Adafruit_Feather_32u4,11
589,10,2350,Adafruit_Feather_32u4,11
590,6,658,Adafruit_Feather_32u4,11
591,9,946,Adafruit_Feather_32u4,11
592,12,6454,Adafruit_Feather_32u4,11
593,3,1036,Adafruit_Feather_32u4,11
594,9,8974,Adafruit_Feather_32u4,11
595,13,7453,Adafruit_Feather_32u4,11
596,13,6067,Adafruit_Feather_32u4,11
597,11,5194,Adafruit_Feather_32u4,11
598,10,3160,Adafruit_Feather_32u4,11
599,14,1504,Adafruit_Feather_32u4,11
600,10,2296,Adafruit_Feather_32u4,11
601,6,5788,Adafruit_Feather_32u4,11
602,12,7336,Adafruit_Feather_32u4,11
603,5,262,Adafruit_Feather_32u4,11
604,13,6499,Adafruit_Feather_32u4,11
605,11,3709,Adafruit_Feather_32u4,11
606,9,3943,Adafruit_Feather_32u4,11
607,7,7093,Adafruit_Feather_32u4,11
608,3,469,Adafruit_Feather_32u4,11
609,13,4618,Adafruit_Feather_32u4,11
610,15,6787,Adafruit_Feather_32u4,11
611,12,8155,Adafruit_Feather_32u4,11
612,9,2008,Adafruit_Feather_32u4,11
613,9,9028,Adafruit_Feather_32u4,11
614,16,7930,Adafruit_Feather_32u4,11
615,12,4258,Adafruit_Feather_32u4,11
616,11,5968,Adafruit_Feather_32u4,11
617,8,6274,Adafruit_Feather_32u4,11
618,7,2026,Adafruit_Feather_32u4,11
619,8,1819,Adafruit_Feather_32u4,11
620,11,4159,Adafruit_Feather_32u4,11
621,10,3016,Adafruit_Feather_32u4,11
622,12,5356,Adafruit_Feather_32u4,11
623,11,6229,Adafruit_Feather_32u4,11
624,9,8866,Adafruit_Feather_32u4,11
625,10,6859,Adafruit_Feather_32u4,11
626,12,7489,Adafruit_Feather_32u4,11
627,8,8812,Adafruit_Feather_32u4,11
628,6,2215,Adafruit_Feather_32u4,11
629,17,8920,Adafruit_Feather_32u4,11
630,9,2206,Adafruit_Feather_32u4,11
631,10,2809,Adafruit_Feather_32u4,11
632,12,5581,Adafruit_Feather_32u4,11
633,9,6967,Adafruit_Feather_32u4,11
634,7,2332,Adafruit_Feather_32u4,11
635,11,5518,Adafruit_Feather_32u4,11
636,18,2071,Adafruit_Feather_32u4,11
637,11,1981,Adafruit_Feather_32u4,11
638,13,8407,Adafruit_Feather_32u4,11
639,11,4204,Adafruit_Feather_32u4,11
640,7,1954,Adafruit_Feather_32u4,11
641,7,1882,Adafruit_Feather_32u4,11
642,839,5491,Adafruit_Feather_32u4,11
643,16,5122,Adafruit_Feather_32u4,11
644,11,3349,Adafruit_Feather_32u4,11
645,6,4573,Adafruit_Feather_32u4,11
646,6,8758,Adafruit_Feather_32u4,11
647,9,1918,Adafruit_Feather_32u4,11
648,14,4798,Adafruit_Feather_32u4,11
649,11,7030,Adafruit_Feather_32u4,11
650,5,622,Adafruit_Feather_32u4,11
651,9,4654,Adafruit_Feather_32u4,11
652,3,424,Adafruit_Feather_32u4,11
653,9,8290,Adafruit_Feather_32u4,11
654,11,7624,Adafruit_Feather_32u4,11
655,4,199,Adafruit_Feather_32u4,11
656,9,8254,Adafruit_Feather_32u4,11
657,7,1693,Adafruit_Feather_32u4,11
658,7,5077,Adafruit_Feather_32u4,11
659,19,4672,Adafruit_Feather_32u4,11
660,11,5896,Adafruit_Feather_32u4,11
661,8,2251,Adafruit_Feather_32u4,11
662,18,5005,Adafruit_Feather_32u4,11
663,10,2845,Adafruit_Feather_32u4,11
664,8,1612,Adafruit_Feather_32u4,11
665,7,5410,Adafruit_Feather_32u4,11
666,14,6796,Adafruit_Feather_32u4,11
667,10,4249,Adafruit_Feather_32u4,11
668,8,3079,Adafruit_Feather_32u4,11
669,10,5257,Adafruit_Feather_32u4,11
670,8,4222,Adafruit_Feather_32u4,11
671,12,5311,Adafruit_Feather_32u4,11
672,11,7003,Adafruit_Feather_32u4,11
673,9,8515,Adafruit_Feather_32u4,11
674,10,6085,Adafruit_Feather_32u4,11
675,3,1126,Adafruit_Feather_32u4,11
676,12,4393,Adafruit_Feather_32u4,11
677,12,8947,Adafruit_Feather_32u4,11
678,10,5761,Adafruit_Feather_32u4,11
679,22,5338,Adafruit_Feather_32u4,11
680,10,3520,Adafruit_Feather_32u4,11
681,17,3556,Adafruit_Feather_32u4,11
682,14,4609,Adafruit_Feather_32u4,11
683,13,3187,Adafruit_Feather_32u4,11
684,18,7507,Adafruit_Feather_32u4,11
685,16,3736,Adafruit_Feather_32u4,11
686,17,3214,Adafruit_Feather_32u4,11
687,16,1567,Adafruit_Feather_32u4,11
688,15,1936,Adafruit_Feather_32u4,11
689,19,586,Adafruit_Feather_32u4,11
690,15,3070,Adafruit_Feather_32u4,11
691,16,6175,Adafruit_Feather_32u4,11
692,10,1018,Adafruit_Feather_32u4,11
693,15,3295,Adafruit_Feather_32u4,11
694,16,6364,Adafruit_Feather_32u4,11
695,11,856,Adafruit_Feather_32u4,11
696,18,9082,Adafruit_Feather_32u4,11
697,18,7939,Adafruit_Feather_32u4,11
698,17,3223,Adafruit_Feather_32u4,11
699,28,8443,Adafruit_Feather_32u4,11
700,31,4420,Adafruit_Feather_32u4,11
701,737,8632,Adafruit_Feather_32u4,11
702,19,7201,Adafruit_Feather_32u4,11
703,8,2872,Adafruit_Feather_32u4,11
704,7,2422,Adafruit_Feather_32u4,11
705,7,1198,Adafruit_Feather_32u4,11
706,9,1342,Adafruit_Feather_32u4,11
707,9,1495,Adafruit_Feather_32u4,11
708,12,6616,Adafruit_Feather_32u4,11
709,12,8425,Adafruit_Feather_32u4,11
710,9,5545,Adafruit_Feather_32u4,11
711,14,7804,Adafruit_Feather_32u4,11
712,14,676,Adafruit_Feather_32u4,11
713,10,7498,Adafruit_Feather_32u4,11
714,12,4402,Adafruit_Feather_32u4,11
715,8,3718,Adafruit_Feather_32u4,11
716,6,4852,Adafruit_Feather_32u4,11
717,15,8074,Adafruit_Feather_32u4,11
718,16,4348,Adafruit_Feather_32u4,11
719,9,7579,Adafruit_Feather_32u4,11
720,9,1396,Adafruit_Feather_32u4,11
721,5,613,Adafruit_Feather_32u4,11
722,13,8830,Adafruit_Feather_32u4,11
723,9,1675,Adafruit_Feather_32u4,11
724,8,1792,Adafruit_Feather_32u4,11
725,25,5329,Adafruit_Feather_32u4,11
726,9,3844,Adafruit_Feather_32u4,11
727,8,4834,Adafruit_Feather_32u4,11
728,11,6589,Adafruit_Feather_32u4,11
729,12,8110,Adafruit_Feather_32u4,11
730,21,5320,Adafruit_Feather_32u4,11
731,12,8848,Adafruit_Feather_32u4,11
732,12,3142,Adafruit_Feather_32u4,11
733,9,7993,Adafruit_Feather_32u4,11
734,18,7363,Adafruit_Feather_32u4,11
735,13,9091,Adafruit_Feather_32u4,11
736,12,8200,Adafruit_Feather_32u4,11
737,6,685,Adafruit_Feather_32u4,11
738,8,8560,Adafruit_Feather_32u4,11
739,13,8884,Adafruit_Feather_32u4,11
740,13,8785,Adafruit_Feather_32u4,11
741,9,8299,Adafruit_Feather_32u4,11
742,13,7012,Adafruit_Feather_32u4,11
743,15,7318,Adafruit_Feather_32u4,11
744,10,2476,Adafruit_Feather_32u4,11
745,11,8335,Adafruit_Feather_32u4,11
746,8,6049,Adafruit_Feather_32u4,11
747,16,8641,Adafruit_Feather_32u4,11
748,13,8434,Adafruit_Feather_32u4,11
749,13,7444,Adafruit_Feather_32u4,11
750,9,8065,Adafruit_Feather_32u4,11
751,9,1153,Adafruit_Feather_32u4,11
752,13,4789,Adafruit_Feather_32u4,11
753,13,5266,Adafruit_Feather_32u4,11
754,12,5293,Adafruit_Feather_32u4,11
755,10,4870,Adafruit_Feather_32u4,11
756,8,3574,Adafruit_Feather_32u4,11
757,4,604,Adafruit_Feather_32u4,11
758,7,2152,Adafruit_Feather_32u4,11
759,24,6760,Adafruit_Feather_32u4,11
760,6,1855,Adafruit_Feather_32u4,11
761,8,2188,Adafruit_Feather_32u4,11
762,14,2935,Adafruit_Feather_32u4,11
763,12,6706,Adafruit_Feather_32u4,11
764,8,8308,Adafruit_Feather_32u4,11
765,9,3493,Adafruit_Feather_32u4,11
766,9,5905,Adafruit_Feather_32u4,11
767,8,2260,Adafruit_Feather_32u4,11
768,13,1270,Adafruit_Feather_32u4,11
769,11,8038,Adafruit_Feather_32u4,11
770,9,7345,Adafruit_Feather_32u4,11
771,9,4753,Adafruit_Feather_32u4,11
772,19,3700,Adafruit_Feather_32u4,11
773,15,7921,Adafruit_Feather_32u4,11
774,11,8128,Adafruit_Feather_32u4,11
775,8,4681,Adafruit_Feather_32u4,11
776,6,2620,Adafruit_Feather_32u4,11
777,16,4600,Adafruit_Feather_32u4,11
778,9,1927,Adafruit_Feather_32u4,11
779,12,7309,Adafruit_Feather_32u4,11
780,10,4285,Adafruit_Feather_32u4,11
781,8,8614,Adafruit_Feather_32u4,11
782,6,1432,Adafruit_Feather_32u4,11
783,10,8722,Adafruit_Feather_32u4,11
784,9,2728,Adafruit_Feather_32u4,11
785,11,4312,Adafruit_Feather_32u4,11
786,8,2494,Adafruit_Feather_32u4,11
787,9,7714,Adafruit_Feather_32u4,11
788,12,7291,Adafruit_Feather_32u4,11
789,10,3529,Adafruit_Feather_32u4,11
790,7,2386,Adafruit_Feather_32u4,11
791,14,8452,Adafruit_Feather_32u4,11
792,9,9019,Adafruit_Feather_32u4,11
793,8,2890,Adafruit_Feather_32u4,11
794,16,4384,Adafruit_Feather_32u4,11
795,9,379,Adafruit_Feather_32u4,11
796,17,4447,Adafruit_Feather_32u4,11
797,13,3826,Adafruit_Feather_32u4,11
798,9,2656,Adafruit_Feather_32u4,11
799,9,6355,Adafruit_Feather_32u4,11
800,8,8326,Adafruit_Feather_32u4,11
801,10,7372,Adafruit_Feather_32u4,11
802,10,4141,Adafruit_Feather_32u4,11
803,11,4096,Adafruit_Feather_32u4,11
804,9,6184,Adafruit_Feather_32u4,11
805,8,7678,Adafruit_Feather_32u4,11
806,10,7795,Adafruit_Feather_32u4,11
807,13,6922,Adafruit_Feather_32u4,11
808,10,8704,Adafruit_Feather_32u4,11
809,20,7966,Adafruit_Feather_32u4,11
810,863,3277,Adafruit_Feather_32u4,11
811,832,109,Adafruit_Feather_32u4,11
812,415,523,Adafruit_Feather_32u4,11
813,719,325,Adafruit_Feather_32u4,11
814,11,8686,Adafruit_Feather_32u4,11
815,10,8191,Adafruit_Feather_32u4,11
816,19,2971,Adafruit_Feather_32u4,11
817,12,8380,Adafruit_Feather_32u4,11
818,11,5698,Adafruit_Feather_32u4,11
819,7,1279,Adafruit_Feather_32u4,11
820,9,6688,Adafruit_Feather_32u4,11
821,18,6679,Adafruit_Feather_32u4,11
822,15,7561,Adafruit_Feather_32u4,11
823,10,6607,Adafruit_Feather_32u4,11
824,5,343,Adafruit_Feather_32u4,11
825,8,4555,Adafruit_Feather_32u4,11
826,7,7408,Adafruit_Feather_32u4,11
827,13,4996,Adafruit_Feather_32u4,11
828,12,4816,Adafruit_Feather_32u4,11
829,11,7813,Adafruit_Feather_32u4,11
830,8,6553,Adafruit_Feather_32u4,11
831,13,6652,Adafruit_Feather_32u4,11
832,15,2404,Adafruit_Feather_32u4,11
833,10,3916,Adafruit_Feather_32u4,11
834,17,9055,Adafruit_Feather_32u4,11
835,15,8056,Adafruit_Feather_32u4,11
836,15,7543,Adafruit_Feather_32u4,11
837,13,8002,Adafruit_Feather_32u4,11
838,12,6751,Adafruit_Feather_32u4,11
839,9,4762,Adafruit_Feather_32u4,11
840,7,838,Adafruit_Feather_32u4,11
841,9,4006,Adafruit_Feather_32u4,11
842,16,5941,Adafruit_Feather_32u4,11
843,20,5464,Adafruit_Feather_32u4,11
844,12,541,Adafruit_Feather_32u4,11
845,16,8281,Adafruit_Feather_32u4,11
846,13,2341,Adafruit_Feather_32u4,11
847,17,1081,Adafruit_Feather_32u4,11
848,15,4897,Adafruit_Feather_32u4,11
849,27,4546,Adafruit_Feather_32u4,11
850,9,1306,Adafruit_Feather_32u4,11
851,8,3754,Adafruit_Feather_32u4,11
852,14,7867,Adafruit_Feather_32u4,11
853,14,8047,Adafruit_Feather_32u4,11
854,5,901,Adafruit_Feather_32u4,11
855,14,5221,Adafruit_Feather_32u4,11
856,16,8857,Adafruit_Feather_32u4,11
857,11,8605,Adafruit_Feather_32u4,11
858,7,928,Adafruit_Feather_32u4,11
859,10,1072,Adafruit_Feather_32u4,11
860,8,5212,Adafruit_Feather_32u4,11
861,9,2521,Adafruit_Feather_32u4,11
862,12,3808,Adafruit_Feather_32u4,11
863,11,4708,Adafruit_Feather_32u4,11
864,10,4357,Adafruit_Feather_32u4,11
865,12,8245,Adafruit_Feather_32u4,11
866,12,8470,Adafruit_Feather_32u4,11
867,14,7264,Adafruit_Feather_32u4,11
868,14,3673,Adafruit_Feather_32u4,11
869,13,7570,Adafruit_Feather_32u4,11
870,10,6427,Adafruit_Feather_32u4,11
871,13,8803,Adafruit_Feather_32u4,11
872,14,2917,Adafruit_Feather_32u4,11
873,4,127,Adafruit_Feather_32u4,11
874,13,910,Adafruit_Feather_32u4,11
875,11,5680,Adafruit_Feather_32u4,11
876,10,9010,Adafruit_Feather_32u4,11
877,7,5734,Adafruit_Feather_32u4,11
878,13,8182,Adafruit_Feather_32u4,11
879,13,7273,Adafruit_Feather_32u4,11
880,9,8398,Adafruit_Feather_32u4,11
881,15,7759,Adafruit_Feather_32u4,11
882,10,4267,Adafruit_Feather_32u4,11
883,7,1684,Adafruit_Feather_32u4,11
884,8,1063,Adafruit_Feather_32u4,11
885,13,8218,Adafruit_Feather_32u4,11
886,8,6310,Adafruit_Feather_32u4,11
887,10,7156,Adafruit_Feather_32u4,11
888,23,1144,Adafruit_Feather_32u4,11
889,9,3106,Adafruit_Feather_32u4,11
890,13,7390,Adafruit_Feather_32u4,11
891,10,1486,Adafruit_Feather_32u4,11
892,8,1261,Adafruit_Feather_32u4,11
893,11,8479,Adafruit_Feather_32u4,11
894,13,8524,Adafruit_Feather_32u4,11
895,12,4150,Adafruit_Feather_32u4,11
896,3,217,Adafruit_Feather_32u4,11
897,12,7660,Adafruit_Feather_32u4,11
898,10,5086,Adafruit_Feather_32u4,11
899,3,577,Adafruit_Feather_32u4,11
900,9,3250,Adafruit_Feather_32u4,11
901,11,6778,Adafruit_Feather_32u4,11
902,10,5671,Adafruit_Feather_32u4,11
903,11,7525,Adafruit_Feather_32u4,11
904,11,5023,Adafruit_Feather_32u4,11
905,9,7606,Adafruit_Feather_32u4,11
906,7,1540,Adafruit_Feather_32u4,11
907,13,4078,Adafruit_Feather_32u4,11
908,12,5527,Adafruit_Feather_32u4,11
909,13,8623,Adafruit_Feather_32u4,11
910,11,5050,Adafruit_Feather_32u4,11
911,8,1189,Adafruit_Feather_32u4,11
912,7,3781,Adafruit_Feather_32u4,11
913,10,8875,Adafruit_Feather_32u4,11
914,6,1369,Adafruit_Feather_32u4,11
915,12,8353,Adafruit_Feather_32u4,11
916,4,487,Adafruit_Feather_32u4,11
917,4,433,Adafruit_Feather_32u4,11
918,12,1090,Adafruit_Feather_32u4,11
919,9,7885,Adafruit_Feather_32u4,11
920,7,721,Adafruit_Feather_32u4,11
921,17,2800,Adafruit_Feather_32u4,11
922,8,2305,Adafruit_Feather_32u4,11
923,13,6220,Adafruit_Feather_32u4,11
924,12,7237,Adafruit_Feather_32u4,11
925,10,8569,Adafruit_Feather_32u4,11
926,8,2107,Adafruit_Feather_32u4,11
927,15,2602,Adafruit_Feather_32u4,11
928,8,1783,Adafruit_Feather_32u4,11
929,8,6823,Adafruit_Feather_32u4,11
930,8,2170,Adafruit_Feather_32u4,11
931,6,3151,Adafruit_Feather_32u4,11
932,6,1621,Adafruit_Feather_32u4,11
933,6,3394,Adafruit_Feather_32u4,11
934,15,8659,Adafruit_Feather_32u4,11
935,12,2944,Adafruit_Feather_32u4,11
936,10,9037,Adafruit_Feather_32u4,11
937,8,6328,Adafruit_Feather_32u4,11
938,9,2611,Adafruit_Feather_32u4,11
939,11,2161,Adafruit_Feather_32u4,11
940,9,2089,Adafruit_Feather_32u4,11
941,19,6040,Adafruit_Feather_32u4,11
942,9,6148,Adafruit_Feather_32u4,11
943,8,1387,Adafruit_Feather_32u4,11
944,7,3592,Adafruit_Feather_32u4,11
945,14,5887,Adafruit_Feather_32u4,11
946,12,6202,Adafruit_Feather_32u4,11
947,10,8902,Adafruit_Feather_32u4,11
948,4,352,Adafruit_Feather_32u4,11
949,7,3889,Adafruit_Feather_32u4,11
950,14,8164,Adafruit_Feather_32u4,11
951,9,8668,Adafruit_Feather_32u4,11
952,11,7975,Adafruit_Feather_32u4,11
953,16,3358,Adafruit_Feather_32u4,11
954,10,1207,Adafruit_Feather_32u4,11
955,11,3178,Adafruit_Feather_32u4,11
956,12,6400,Adafruit_Feather_32u4,11
957,10,2683,Adafruit_Feather_32u4,11
958,7,4177,Adafruit_Feather_32u4,11
959,15,7138,Adafruit_Feather_32u4,11
960,7,1171,Adafruit_Feather_32u4,11
961,13,3376,Adafruit_Feather_32u4,11
962,13,5302,Adafruit_Feather_32u4,11
963,9,3403,Adafruit_Feather_32u4,11
964,10,1891,Adafruit_Feather_32u4,11
965,8,883,Adafruit_Feather_32u4,11
966,9,1900,Adafruit_Feather_32u4,11
967,4,163,Adafruit_Feather_32u4,11
968,11,8236,Adafruit_Feather_32u4,11
969,12,4051,Adafruit_Feather_32u4,11
970,9,2377,Adafruit_Feather_32u4,11
971,11,8416,Adafruit_Feather_32u4,11
972,9,2755,Adafruit_Feather_32u4,11
973,8,3583,Adafruit_Feather_32u4,11
974,5,1135,Adafruit_Feather_32u4,11
975,7,5590,Adafruit_Feather_32u4,11
976,9,1972,Adafruit_Feather_32u4,11
977,8,3862,Adafruit_Feather_32u4,11
978,14,6094,Adafruit_Feather_32u4,11
979,10,3538,Adafruit_Feather_32u4,11
980,9,6562,Adafruit_Feather_32u4,11
981,9,6526,Adafruit_Feather_32u4,11
982,12,8371,Adafruit_Feather_32u4,11
983,12,5608,Adafruit_Feather_32u4,11
984,13,5248,Adafruit_Feather_32u4,11
985,9,5563,Adafruit_Feather_32u4,11
986,24,8794,Adafruit_Feather_32u4,11
987,13,7048,Adafruit_Feather_32u4,11
988,9,3169,Adafruit_Feather_32u4,11
989,10,5851,Adafruit_Feather_32u4,11
990,9,5815,Adafruit_Feather_32u4,11
991,7,2962,Adafruit_Feather_32u4,11
992,10,2062,Adafruit_Feather_32u4,11
993,21,2647,Adafruit_Feather_32u4,11
994,24,8146,Adafruit_Feather_32u4,11
995,628,5977,Adafruit_Feather_32u4,11
996,18,8938,Adafruit_Feather_32u4,11
997,34,7174,Adafruit_Feather_32u4,11
998,17,8740,Adafruit_Feather_32u4,11
999,17,7066,Adafruit_Feather_32u4,11
